<?xml version="1.0" encoding="UTF-8"?>
<project-private xmlns="http://www.netbeans.org/ns/project-private/1">
    <editor-bookmarks xmlns="http://www.netbeans.org/ns/editor-bookmarks/2" lastBookmarkId="0"/>
    <open-files xmlns="http://www.netbeans.org/ns/projectui-open-files/2">
        <group>
            <file>file:/Users/sanyam_agrawal1/Downloads/CourseSchedulerNamesanyamagrawalspa5889/src/MultiTableQueries.java</file>
            <file>file:/Users/sanyam_agrawal1/Downloads/CourseSchedulerNamesanyamagrawalspa5889/src/ScheduleEntry.java</file>
            <file>file:/Users/sanyam_agrawal1/Downloads/CourseSchedulerNamesanyamagrawalspa5889/src/CourseEntry.java</file>
            <file>file:/Users/sanyam_agrawal1/Downloads/CourseSchedulerNamesanyamagrawalspa5889/src/MainFrame.java</file>
            <file>file:/Users/sanyam_agrawal1/Downloads/CourseSchedulerNamesanyamagrawalspa5889/src/ClassDescription.java</file>
            <file>file:/Users/sanyam_agrawal1/Downloads/CourseSchedulerNamesanyamagrawalspa5889/src/ClassEntry.java</file>
            <file>file:/Users/sanyam_agrawal1/Downloads/CourseSchedulerNamesanyamagrawalspa5889/src/ScheduleQueries.java</file>
            <file>file:/Users/sanyam_agrawal1/Downloads/CourseSchedulerNamesanyamagrawalspa5889/src/SemesterEntry.java</file>
            <file>file:/Users/sanyam_agrawal1/Downloads/CourseSchedulerNamesanyamagrawalspa5889/src/ClassQueries.java</file>
            <file>file:/Users/sanyam_agrawal1/Downloads/CourseSchedulerNamesanyamagrawalspa5889/src/DBConnection.java</file>
            <file>file:/Users/sanyam_agrawal1/Downloads/CourseSchedulerNamesanyamagrawalspa5889/src/StudentEntry.java</file>
            <file>file:/Users/sanyam_agrawal1/Downloads/CourseSchedulerNamesanyamagrawalspa5889/src/StudentQueries.java</file>
            <file>file:/Users/sanyam_agrawal1/Downloads/CourseSchedulerNamesanyamagrawalspa5889/src/SemesterQueries.java</file>
            <file>file:/Users/sanyam_agrawal1/Downloads/CourseSchedulerNamesanyamagrawalspa5889/build.xml</file>
            <file>file:/Users/sanyam_agrawal1/Downloads/CourseSchedulerNamesanyamagrawalspa5889/xzq789yy.txt</file>
            <file>file:/Users/sanyam_agrawal1/Downloads/CourseSchedulerNamesanyamagrawalspa5889/src/CourseQueries.java</file>
            <file>file:/Users/sanyam_agrawal1/Downloads/CourseSchedulerNamesanyamagrawalspa5889/manifest.mf</file>
        </group>
    </open-files>
</project-private>
